im-australia,a598aa20-f278-e111-b16a-005056956277
im-austria,e6b03b63-dbb0-e111-80ae-005056956277
im-barcelona,c413f2e7-2dca-e311-b5f4-005056956277
im-brazil,a798aa20-f278-e111-b16a-005056956277
im-cairns,6a6e11d2-86fe-e111-aa75-005056956277
im-california,d74670f6-7fb2-4813-96e1-fae4ab1b948c
im-chattanooga,0a742931-cf10-e311-9ec7-005056956277
im-copenhagen,6b909a24-f40f-e311-9ec7-005056956277
im-cozumel,b398aa20-f278-e111-b16a-005056956277
im-florida,b998aa20-f278-e111-b16a-005056956277
im-france,bb98aa20-f278-e111-b16a-005056956277
im-frankfurt,b798aa20-f278-e111-b16a-005056956277
im-gurye,6e0f4c83-40d8-e611-9412-005056951bf1
im-hamburg,0ed71b3d-6974-e611-9410-005056951bf1
im-lake-placid,c398aa20-f278-e111-b16a-005056956277
im-lanzarote,c598aa20-f278-e111-b16a-005056956277
im-leeds,ab1297a2-42d5-4b6f-b408-23ae319f5a31
im-maryland,52f9c915-31ca-e311-b5f4-005056956277
im-new-zealand,cd98aa20-f278-e111-b16a-005056956277
im-philippines,d4969272-cc61-e711-9418-005056951bf1
im-south-africa,60accc34-83fe-e111-aa75-005056956277
im-switzerland,d90fba34-21ae-e911-a986-000d3a364086
im-taiwan,8b4e50b2-04b2-e411-9400-005056951bf1
im-tallinn,37760ed4-c881-e711-9418-005056951bf1
im-texas,d998aa20-f278-e111-b16a-005056956277
im-vichy,17972a3a-75a5-e411-9400-005056951bf1
im-wales,df98aa20-f278-e111-b16a-005056956277
im-western-australia,e198aa20-f278-e111-b16a-005056956277
im-wisconsin,e598aa20-f278-e111-b16a-005056956277
im703-acapulco,fa93e2dc-d106-487c-b78e-08eecf010ca5
im703-agadir,f3169d46-d6c3-4a26-a212-bfd6a2eb87ed
im703-aix-en-provence,6d98aa20-f278-e111-b16a-005056956277
im703-aracaju-sergipe,6954cd72-7775-45f5-8b85-3cf75b475837
im703-augusta,3398aa20-f278-e111-b16a-005056956277
im703-bahrain,3f4b6a7b-ba16-e511-9402-005056951bf1
im703-belgrade,41e1ec53-e777-473b-a015-2c64c1f56442
im703-bolton,3a228722-c851-4db8-b5af-31254f16d701
im703-boulder,3b98aa20-f278-e111-b16a-005056956277
im703-buenos-aires,e7996dac-cd28-45e0-8ba2-73b711571958
im703-cairns,eec737b8-84fe-e111-aa75-005056956277
im703-calgary,4598aa20-f278-e111-b16a-005056956277
im703-campeche,839b1d67-802e-e611-940e-005056951bf1
im703-cap-cana,e56852ab-06cc-4094-bc96-38d696ee15a6
im703-cartagena,dd309e2b-8a97-e511-9409-005056951bf1
im703-chattanooga,e2352999-586b-e411-93fa-005056951bf1
im703-coeur-dalene,eca2b3cf-881e-e511-9403-005056951bf1
im703-colombo,ca7a8458-3a3a-e711-9417-005056951bf1
im703-cozumel,4f98aa20-f278-e111-b16a-005056956277
im703-davao-philippines,3c1dd549-5aa4-e711-9419-005056951bf1
im703-des-moines,ed940c67-c299-e911-a97a-000d3a37468c
im703-desaru-coast,f8b9aa5e-b5b7-e911-a986-000d3a364086
im703-duisburg,9ee9bf47-e2f0-e911-a812-000d3a5a1cf8
im703-durban,05a02daa-99b0-e411-9400-005056951bf1
im703-eagleman,d26b290a-86fe-e111-aa75-005056956277
im703-ecuador,f53b55a5-16b2-e411-9400-005056951bf1
im703-elsinore,fec9c75b-55a5-e311-b5f4-005056956277
im703-encarnacion,28ec6dea-d2d5-425a-b5a1-5f589222c64e
im703-erkner,25bc1a07-6985-434a-86ab-f7c867230491
im703-florianopolis,0a2f9c3c-e1c3-e711-941b-005056951bf1
im703-florida,5198aa20-f278-e111-b16a-005056956277
im703-fortaleza,68424bd6-3ed8-e611-9412-005056951bf1
im703-gdynia,e1339090-3e7a-e411-93fc-005056951bf1
im703-geelong,3bff5ad1-f53b-e311-9ec7-005056956277
im703-goa,a8a0c439-4cfd-e811-a968-000d3a3749bc
im703-goseong,80711e6b-fdca-e811-a96a-000d3a35f53a
im703-gulf-coast,67d2be01-c0a2-e611-9410-005056951bf1
im703-hawaii,5398aa20-f278-e111-b16a-005056956277
im703-japan,966a0110-9961-4dcf-bea0-4d9b97a3f7b3
im703-kenting,89d75720-a6a0-4985-a20d-5bcf468c99f6
im703-knokke-heist,9a8052e4-602f-4269-943f-5a40a28a9969
im703-kraichgau,7b9d72b1-f044-e411-93f8-005056951bf1
im703-louisville,17d618ca-6a56-4aae-bda6-7c221acdbb7c
im703-maine,40494fab-1aa5-e611-9410-005056951bf1
im703-mallorca,5d98aa20-f278-e111-b16a-005056956277
im703-marathon,372808eb-839a-4a2d-bf7c-d090eca0714f
im703-melbourne,ca57aaf3-5a31-ea11-a810-000d3a5a1477
im703-michigan,20ac93b1-5db7-e811-a967-000d3a37468c
im703-mont-tremblant,5397aa20-f278-e111-b16a-005056956277
im703-monterrey,8ca744f9-e161-e311-8ba1-005056956277
im703-mossel-bay,c19dce8a-2f4b-460f-8816-f83f41f282b3
im703-muncie,6398aa20-f278-e111-b16a-005056956277
im703-muskoka,6598aa20-f278-e111-b16a-005056956277
im703-musselman,f8b84893-cabe-e911-a980-000d3a3749bc
im703-new-york,c7c8f92c-9cb1-4d76-9700-20c57ae28f17
im703-new-zealand,f11b4433-9452-e711-9418-005056951bf1
im703-nice,b40cebab-c4ad-e711-9419-005056951bf1
im703-north-carolina,e4a5a6b8-0d92-e511-9409-005056951bf1
im703-oceanside,4798aa20-f278-e111-b16a-005056956277
im703-ohio,0c4e3cef-3477-e511-9409-005056951bf1
im703-oman,d56de758-0895-e811-9421-005056951bf1
im703-oregon,a2bd7104-f82f-42f2-8943-1265d315a160
im703-panama,6b98aa20-f278-e111-b16a-005056956277
im703-peru,12f25db3-5f74-e611-9410-005056951bf1
im703-phu-quoc,854fec6c-e9e0-47a0-a9f9-855f9313cbc1
im703-port-macquarie,7398aa20-f278-e111-b16a-005056956277
im703-poznan,5a9a5b9c-f4ff-4dd5-9b1d-11b3379c427f
im703-pucon,8397aa20-f278-e111-b16a-005056956277
im703-puerto-princesa,befc8af5-8303-436a-a7d1-2531e3218268
im703-puerto-rico,7b98aa20-f278-e111-b16a-005056956277
im703-punta-del-este,1ed3ce8d-47bc-e411-9400-005056951bf1
im703-rio-de-janeiro,a683daa8-c30e-e511-9401-005056951bf1
im703-rwanda,5f9e8cd3-1e05-4d4b-953a-f2596a6d8f44
im703-san-juan,a926121d-f2bf-428b-98d9-8574b4a7befd
im703-santa-cruz,76fcef91-46b1-e411-9400-005056951bf1
im703-sunshine-coast,be8a13c2-88a0-e211-870b-005056956277
im703-swansea,7f9774c3-b171-4a38-a2ee-afb15573054a
im703-switzerland,8998aa20-f278-e111-b16a-005056956277
im703-tallinn,f3f8d4fc-0e48-420a-a50e-6e749b5ce83b
im703-texas,8f98aa20-f278-e111-b16a-005056956277
im703-turkey,3a513a94-c15e-e411-93fa-005056951bf1
im703-valdivia,69e17fbc-46a5-40c4-a982-727831a0aa3a
im703-valencia,51314bcd-4b2f-450e-b1f6-fb0dc6c5f609
im703-venice-jesolo,9f68d6b4-c2fc-4082-ac82-b096b6890cb3
im703-vichy,4db33a98-76a5-e411-9400-005056951bf1
im703-victoria,4d5414be-32d2-e311-b4c2-005056956277
im703-vietnam,7d32fb34-06b2-e411-9400-005056951bf1
im703-waco,ed0ed7f4-3fca-e711-941b-005056951bf1
im703-warsaw,b323092a-adef-4ffc-a093-ce89b8aed598
im703-western-australia,2c376cf3-2149-e611-940f-005056951bf1
im703-western-massachusetts,bf860cb8-4efc-49f5-90f3-7e8d8ac13f18
im703-western-sydney,39894f5e-25a6-e311-b5f4-005056956277
im703-westfriesland,67d2b761-0eae-e911-a981-000d3a36478d
im703-weymouth,9da9ce3f-1c7f-e511-9409-005056951bf1
im703-wisconsin,adaedbb8-6095-e611-9410-005056951bf1
im-world-championship-kona,e798aa20-f278-e111-b16a-005056956277
im-emilia-romagna,aa3f9693-bd9a-e611-9410-005056951bf1
im-kalmar,bd98aa20-f278-e111-b16a-005056956277
im-cascais,4a7d66f0-94f5-e911-a812-000d3a5a1cf8
