race_id,race_name,race_type,region,race_date,race_year,unix_timestamp
1,Ironman Arizona 2012,im,NA,2012-11-17,2012,1353196800
2,Ironman Australia 2012,im,Australia,2012-05-05,2012,1336262400
3,Ironman Austria 2012,im,Euro,2012-06-30,2012,1341100800
4,Ironman Brazil 2012,im,SA,2012-05-26,2012,1338076800
5,Ironman Cairns 2012,im,Australia,2012-06-02,2012,1338681600
7,Ironman Coeur d'Alene 2012,im,NA,2012-06-23,2012,1340496000
8,Ironman Cozumel 2012,im,NA,2012-11-24,2012,1353801600
9,Ironman Florida 2012,im,NA,2012-11-02,2012,1351900800
10,Ironman France 2012,im,Euro,2012-06-23,2012,1340496000
11,Ironman Frankfurt 2012,im,Euro,2012-07-07,2012,1341705600
13,Ironman Lake Placid 2012,im,NA,2012-07-21,2012,1342915200
14,Ironman Lanzarote 2012,im,Euro,2012-05-18,2012,1337385600
15,Ironman Louisville 2012,im,NA,2012-08-25,2012,1345939200
16,Ironman Melbourne 2012,im,Australia,2012-03-24,2012,1332633600
17,Ironman Mont-Tremblant 2012,im,NA,2012-08-18,2012,1345334400
18,Ironman New York 2012,im,NA,2012-08-10,2012,1344643200
20,Ironman Regensburg 2012,im,Euro,2012-06-16,2012,1339891200
21,Ironman South Africa 2012,im,Africa,2012-04-07,2012,1333843200
22,Ironman St George 2012,im,NA,2012-05-04,2012,1336176000
23,Ironman Sweden 2012,im,Euro,2012-08-17,2012,1345248000
24,Ironman Switzerland 2012,im,Euro,2012-07-14,2012,1342310400
25,Ironman Texas 2012,im,NA,2012-05-18,2012,1337385600
26,Ironman UK 2012,im,Euro,2012-07-20,2012,1342828800
27,Ironman Wales 2012,im,Euro,2012-09-15,2012,1347753600
28,Ironman Western Australia 2012,im,Australia,2012-12-08,2012,1355011200
29,Ironman Wisconsin 2012,im,NA,2012-09-08,2012,1347148800
30,Ironman Wales 2011,im,Euro,2011-09-10,2011,1315699200
31,Ironman Wisconsin 2011,im,NA,2011-09-10,2011,1315699200
32,Ironman Florida 2011,im,NA,2011-11-04,2011,1320451200
33,Ironman Arizona 2011,im,NA,2011-11-19,2011,1321747200
34,Ironman Cozumel 2011,im,NA,2011-11-26,2011,1322352000
35,Ironman Western Australia 2011,im,Australia,2011-12-03,2011,1322956800
36,Ironman New Zealand 2011,im,Australia,2011-03-04,2011,1299283200
37,Ironman New Zealand 2010,im,Australia,2010-03-05,2010,1267833600
38,Ironman New Zealand 2009,im,Australia,2009-03-06,2009,1236384000
39,Ironman New Zealand 2008,im,Australia,2008-02-29,2008,1204329600
40,Ironman New Zealand 2007,im,Australia,2007-03-02,2007,1172880000
41,Ironman New Zealand 2005,im,Australia,2005-03-04,2005,1109980800
42,Ironman New Zealand 2004,im,Australia,2004-03-05,2004,1078531200
43,Ironman New Zealand 2003,im,Australia,2003-02-28,2003,1046476800
44,Ironman New Zealand 2013,im,Australia,2013-03-01,2013,1362182400
45,Ironman South Africa 2007,im,Africa,2007-03-16,2007,1174089600
46,Ironman South Africa 2008,im,Africa,2008-04-11,2008,1207958400
47,Ironman South Africa 2009,im,Africa,2009-04-04,2009,1238889600
48,Ironman South Africa 2010,im,Africa,2010-04-24,2010,1272153600
49,Ironman South Africa 2011,im,Africa,2011-04-08,2011,1302307200
50,Ironman Los Cabos 2013,im,NA,2013-03-16,2013,1363478400
51,Ironman Melbourne 2013,im,Australia,2013-03-23,2013,1364083200
52,Ironman South Africa 2013,im,Africa,2013-04-13,2013,1365897600
53,Ironman Australia 2005,im,Australia,2006-04-02,2005,1144022400
54,Ironman Australia 2006,im,Australia,2006-03-17,2006,1142640000
55,Ironman Australia 2007,im,Australia,2007-03-31,2007,1175385600
56,Ironman Australia 2008,im,Australia,2008-06-03,2008,1212537600
57,Ironman Australia 2009,im,Australia,2009-05-03,2009,1241395200
58,Ironman Australia 2010,im,Australia,2010-03-27,2010,1269734400
59,Ironman Australia 2011,im,Australia,2011-04-30,2011,1304208000
60,Ironman Australia 2013,im,Australia,2013-05-04,2013,1367712000
61,Ironman Lanzarote 2008,im,Euro,2008-05-23,2008,1211587200
62,Ironman Lanzarote 2009,im,Euro,2009-05-22,2009,1243036800
63,Ironman Lanzarote 2010,im,Euro,2010-05-20,2010,1274400000
64,Ironman Lanzarote 2011,im,Euro,2011-05-20,2011,1305936000
65,Ironman Texas 2011,im,NA,2011-05-20,2011,1305936000
66,Ironman Lanzarote 2013,im,Euro,2013-05-17,2013,1368835200
67,Ironman Texas 2013,im,NA,2013-05-17,2013,1368835200
68,Ironman Brazil 2006,im,SA,2006-05-27,2006,1148774400
69,Ironman Brazil 2007,im,SA,2007-05-25,2007,1180137600
70,Ironman Brazil 2008,im,SA,2008-05-24,2008,1211673600
71,Ironman Brazil 2009,im,SA,2009-05-30,2009,1243728000
72,Ironman Brazil 2010,im,SA,2010-05-29,2010,1275177600
73,Ironman Brazil 2011,im,SA,,2011,
74,Ironman Brazil 2013,im,SA,2013-05-25,2013,1369526400
75,Ironman Cairns 2013,im,Australia,2013-06-08,2013,1370736000
83,Ironman France 2005,im,Euro,2005-06-17,2005,1119052800
84,Ironman France 2006,im,Euro,2006-06-24,2006,1151193600
85,Ironman France 2007,im,Euro,2007-06-23,2007,1182643200
86,Ironman France 2008,im,Euro,2008-06-21,2008,1214092800
87,Ironman France 2009,im,Euro,2009-06-27,2009,1246147200
89,Ironman France 2011,im,Euro,2011-06-25,2011,1309046400
90,Ironman Coeur d'Alene 2003,im,NA,2003-06-28,2003,1056844800
92,Ironman Coeur d'Alene 2005,im,NA,2005-06-24,2005,1119657600
93,Ironman Coeur d'Alene 2006,im,NA,2006-06-24,2006,1151193600
94,Ironman Coeur d'Alene 2007,im,NA,2007-06-23,2007,1182643200
95,Ironman Coeur d'Alene 2008,im,NA,2008-06-21,2008,1214092800
96,Ironman Coeur d'Alene 2009,im,NA,2009-06-20,2009,1245542400
97,Ironman Coeur d'Alene 2010,im,NA,2010-06-26,2010,1277596800
98,Ironman Coeur d'Alene 2011,im,NA,2011-06-25,2011,1309046400
99,Ironman Austria 2005,im,Euro,2005-07-02,2005,1120348800
100,Ironman Austria 2006,im,Euro,2006-07-15,2006,1153008000
101,Ironman Austria 2007,im,Euro,2007-07-07,2007,1183852800
102,Ironman Austria 2008,im,Euro,2008-07-12,2008,1215907200
103,Ironman Austria 2009,im,Euro,2009-07-04,2009,1246752000
104,Ironman Austria 2010,im,Euro,2010-07-03,2010,1278201600
105,Ironman Austria 2011,im,Euro,2011-07-02,2011,1309651200
106,Ironman Frankfurt 2003,im,Euro,2003-07-03,2003,1057276800
108,Ironman Frankfurt 2005,im,Euro,2005-07-09,2005,1120953600
109,Ironman Frankfurt 2006,im,Euro,2006-07-22,2006,1153612800
110,Ironman Frankfurt 2007,im,Euro,2007-06-30,2007,1183248000
111,Ironman Frankfurt 2008,im,Euro,2008-07-05,2008,1215302400
112,Ironman Frankfurt 2009,im,Euro,2009-04-04,2009,1238889600
113,Ironman Frankfurt 2010,im,Euro,2010-07-03,2010,1278201600
114,Ironman Frankfurt 2011,im,Euro,2011-07-23,2011,1311465600
115,Ironman Lake Placid 2002,im,NA,2002-07-21,2002,1027296000
116,Ironman Lake Placid 2003,im,NA,2003-07-26,2003,1059264000
117,Ironman Lake Placid 2004,im,NA,2004-07-24,2004,1090713600
119,Ironman Lake Placid 2006,im,NA,2006-07-22,2006,1153612800
120,Ironman Lake Placid 2007,im,NA,2007-07-21,2007,1185062400
121,Ironman Lake Placid 2008,im,NA,2008-07-19,2008,1216512000
122,Ironman Lake Placid 2009,im,NA,2009-07-25,2009,1248566400
123,Ironman Lake Placid 2010,im,NA,2010-07-24,2010,1280016000
124,Ironman Lake Placid 2011,im,NA,2011-07-23,2011,1311465600
125,Ironman Switzerland 2005,im,Euro,2005-07-16,2005,1121558400
126,Ironman Switzerland 2006,im,Euro,2006-07-01,2006,1151798400
127,Ironman Switzerland 2007,im,Euro,2007-06-22,2007,1182556800
128,Ironman Switzerland 2008,im,Euro,2008-07-12,2008,1215907200
129,Ironman Switzerland 2009,im,Euro,2009-07-11,2009,1247356800
130,Ironman Switzerland 2010,im,Euro,2010-07-24,2010,1280016000
131,Ironman Switzerland 2011,im,Euro,2011-07-09,2011,1310256000
133,Ironman UK 2007,im,Euro,2007-08-18,2007,1187481600
134,Ironman UK 2008,im,Euro,2008-09-06,2008,1220745600
135,Ironman UK 2009,im,Euro,2009-08-01,2009,1249171200
136,Ironman UK 2010,im,Euro,2010-07-31,2010,1280620800
137,Ironman UK 2011,im,Euro,2011-07-30,2011,1312070400
138,Ironman Louisville 2007,im,NA,2007-08-26,2007,1188172800
139,Ironman Louisville 2008,im,NA,2008-08-30,2008,1220140800
140,Ironman Louisville 2009,im,NA,2009-08-29,2009,1251590400
141,Ironman Louisville 2010,im,NA,2010-08-28,2010,1283040000
142,Ironman Louisville 2011,im,NA,2011-08-27,2011,1314489600
151,Ironman Japan 2006,im,Asia,2006-05-27,2006,1148774400
152,Ironman Japan 2007,im,Asia,2007-06-16,2007,1182038400
153,Ironman Japan 2008,im,Asia,2008-06-21,2008,1214092800
154,Ironman Japan 2009,im,Asia,2009-06-20,2009,1245542400
156,Ironman Wisconsin 2003,im,NA,2003-09-06,2003,1062892800
157,Ironman Wisconsin 2004,im,NA,2004-09-11,2004,1094947200
158,Ironman Wisconsin 2005,im,NA,2005-09-10,2005,1126396800
159,Ironman Wisconsin 2006,im,NA,2006-09-09,2006,1157846400
160,Ironman Wisconsin 2007,im,NA,2007-09-08,2007,1189296000
161,Ironman Wisconsin 2008,im,NA,2008-09-06,2008,1220745600
162,Ironman Wisconsin 2009,im,NA,2009-09-12,2009,1252800000
163,Ironman Wisconsin 2010,im,NA,2010-09-11,2010,1284249600
175,Ironman Florida 2003,im,NA,2003-11-07,2003,1068249600
176,Ironman Florida 2004,im,NA,2004-11-05,2004,1099699200
177,Ironman Florida 2005,im,NA,2005-11-04,2005,1131148800
178,Ironman Florida 2006,im,NA,2006-11-03,2006,1162598400
179,Ironman Florida 2007,im,NA,2007-11-02,2007,1194048000
180,Ironman Florida 2008,im,NA,2008-10-31,2008,1225497600
181,Ironman Florida 2009,im,NA,2009-11-06,2009,1257552000
182,Ironman Florida 2010,im,NA,2010-11-05,2010,1289001600
183,Ironman Arizona 2010,im,NA,2010-11-16,2010,1289952000
184,Ironman Arizona 2009,im,NA,2009-11-21,2009,1258848000
185,Ironman Arizona 2008,im,NA,2008-04-12,2008,1208044800
186,Ironman Arizona 2007,im,NA,2007-04-14,2007,1176595200
187,Ironman Arizona 2006,im,NA,2006-04-08,2006,1144540800
188,Ironman Arizona 2005,im,NA,2005-04-08,2005,1113004800
189,Ironman Cozumel 2009,im,NA,2009-11-28,2009,1259452800
190,Ironman Cozumel 2010,im,NA,2010-11-27,2010,1290902400
191,Ironman Western Australia 2004,im,Australia,,2004,
192,Ironman Western Australia 2005,im,Australia,2005-11-26,2005,1133049600
193,Ironman Western Australia 2006,im,Australia,2006-12-02,2006,1165104000
194,Ironman Western Australia 2007,im,Australia,2007-12-01,2007,1196553600
195,Ironman Western Australia 2008,im,Australia,2008-12-06,2008,1228608000
196,Ironman Western Australia 2009,im,Australia,2009-12-04,2009,1259971200
197,Ironman Western Australia 2010,im,Australia,2010-12-04,2010,1291507200
199,Ironman France 2013,im,Euro,2013-06-22,2013,1371945600
200,Ironman Coeur d'Alene 2013,im,NA,2013-06-22,2013,1371945600
201,Ironman Austria 2013,im,Euro,2013-06-29,2013,1372550400
202,Ironman Frankfurt 2013,im,Euro,2013-07-06,2013,1373155200
207,Ironman Lake Placid 2013,im,NA,2013-07-27,2013,1374969600
208,Ironman Switzerland 2013,im,Euro,2013-07-27,2013,1374969600
209,Ironman UK 2013,im,Euro,2013-08-03,2013,1375574400
210,Challenge Copenhagen 2010,im,Euro,,2010,
211,Challenge Copenhagen 2011,im,Euro,,2011,
212,Challenge Copenhagen 2012,im,Euro,,2012,
213,Ironman Sweden 2013,im,Euro,2013-08-16,2013,1376697600
214,Ironman Copenhagen 2013,im,Euro,2013-08-17,2013,1376784000
215,Ironman Mont-Tremblant 2013,im,NA,2013-08-17,2013,1376784000
216,Ironman Louisville 2013,im,NA,2013-08-24,2013,1377388800
217,Ironman Canada 2013,im,NA,2013-08-24,2013,1377388800
219,Ironman Japan 2013,im,Asia,2013-08-30,2013,1377907200
220,Ironman Wales 2013,im,Euro,2013-09-07,2013,1378598400
221,Ironman Wisconsin 2013,im,NA,2013-09-07,2013,1378598400
223,Ironman Lake Tahoe 2013,im,NA,2013-09-21,2013,1379808000
224,Ironman Florida 2013,im,NA,2013-11-01,2013,1383350400
225,Ironman Arizona 2013,im,NA,2013-11-16,2013,1384646400
226,Ironman Cozumel 2013,im,NA,2013-11-30,2013,1385856000
227,Ironman Western Australia 2013,im,Australia,2013-12-07,2013,1386460800
228,Ironman New Zealand 2014,im,Australia,2014-02-28,2014,1393632000
229,Ironman Melbourne 2014,im,Australia,2014-03-22,2014,1395532800
230,Ironman Los Cabos 2014,im,NA,2014-03-29,2014,1396137600
231,Ironman South Africa 2014,im,Africa,2014-04-05,2014,1396742400
232,Ironman Australia 2014,im,Australia,2014-05-03,2014,1399161600
233,Ironman Texas 2014,im,NA,2014-05-16,2014,1400284800
234,Ironman Lanzarote 2014,im,Euro,2014-05-16,2014,1400284800
235,Ironman Brazil 2014,im,SA,2014-05-24,2014,1400976000
236,Ironman Cairns 2014,im,Australia,2014-06-07,2014,1402185600
237,Ironman Austria 2014,im,Euro,2014-06-28,2014,1404000000
238,Ironman Coeur d'Alene 2014,im,NA,2014-06-28,2014,1404000000
239,Ironman France 2014,im,Euro,2014-06-28,2014,1404000000
240,Ironman Frankfurt 2014,im,Euro,2014-07-05,2014,1404604800
241,Ironman UK 2014,im,Euro,2014-07-19,2014,1405814400
242,Ironman Lake Placid 2014,im,NA,2014-07-26,2014,1406419200
243,Ironman Switzerland 2014,im,Euro,2014-07-26,2014,1406419200
244,Ironman Canada 2014,im,NA,2014-07-26,2014,1406419200
245,Ironman Boulder 2014,im,NA,2014-08-02,2014,1407024000
246,Ironman Sweden 2014,im,Euro,2014-08-15,2014,1408147200
247,Ironman Mont-Tremblant 2014,im,NA,2014-08-16,2014,1408233600
248,Ironman Copenhagen 2014,im,Euro,2014-08-23,2014,1408838400
249,Ironman Louisville 2014,im,NA,2014-08-23,2014,1408838400
250,Ironman Japan 2014,im,Asia,2014-08-23,2014,1408838400
251,Ironman Wisconsin 2014,im,NA,2014-09-06,2014,1410048000
252,Ironman Wales 2014,im,Euro,2014-09-13,2014,1410652800
254,Ironman Mallorca 2014,im,Euro,2014-09-26,2014,1411776000
255,Ironman Malaysia 2014,im,Asia,2014-09-26,2014,1411776000
256,Ironman Chattanooga 2014,im,NA,2014-09-27,2014,1411862400
258,Ironman Florida 2014,im,NA,2014-10-31,2014,1414800000
259,Ironman Fortaleza 2014,im,SA,2014-11-08,2014,1415491200
260,Ironman Arizona 2014,im,NA,2014-11-15,2014,1416096000
261,Ironman Cozumel 2014,im,NA,2014-11-29,2014,1417305600
262,Ironman Western Australia 2014,im,Australia,2014-12-06,2014,1417910400
269,Ironman Maryland 2014,im,NA,2014-09-19,2014,1411171200
270,Ironman Barcelona 2014,im,Euro,2014-10-04,2014,1412467200
271,Ironman Arizona 2008,im,NA,2008-11-22,2008,1227398400
272,Ironman New Zealand 2015,im,Australia,2015-03-06,2015,1425686400
273,Ironman Melbourne 2015,im,Australia,2015-03-21,2015,1426982400
274,Ironman South Africa 2015,im,Africa,2015-03-28,2015,1427587200
275,Ironman Taiwan 2015,im,Asia,2015-04-11,2015,1428796800
276,Ironman Australia 2015,im,Australia,2015-05-02,2015,1430611200
278,Ironman Texas 2015,im,NA,2015-05-15,2015,1431734400
279,Ironman Lanzarote 2015,im,Euro,2015-05-22,2015,1432339200
280,Ironman Brazil 2015,im,SA,2015-05-30,2015,1433030400
281,Ironman Cairns 2015,im,Australia,2015-06-13,2015,1434240000
283,Ironman Austria 2015,im,Euro,2015-06-27,2015,1435449600
284,Ironman France 2015,im,Euro,2015-06-27,2015,1435449600
285,Ironman Coeur d'Alene 2015,im,NA,2015-06-27,2015,1435449600
287,Ironman Frankfurt 2015,im,Euro,2015-07-04,2015,1436054400
289,Ironman Switzerland 2015,im,Euro,2015-07-18,2015,1437264000
290,Ironman UK 2015,im,Euro,2015-07-18,2015,1437264000
291,Ironman Canada 2015,im,NA,2015-07-25,2015,1437868800
292,Ironman Lake Placid 2015,im,NA,2015-07-25,2015,1437868800
293,Ironman Maastricht-Limburg 2015,im,Euro,2015-08-01,2015,1438473600
294,Ironman Boulder 2015,im,NA,2015-08-01,2015,1438473600
297,Ironman Sweden 2015,im,Euro,2015-08-14,2015,1439596800
298,Ironman Mont-Tremblant 2015,im,NA,2015-08-15,2015,1439683200
299,Ironman Japan 2015,im,Asia,2015-08-22,2015,1440288000
300,Ironman Copenhagen 2015,im,Euro,2015-08-22,2015,1440288000
303,Ironman Vichy 2015,im,Euro,2015-08-29,2015,1440892800
304,Ironman Muskoka 2015,im,NA,2015-08-29,2015,1440892800
305,Ironman Wisconsin 2015,im,NA,2015-09-12,2015,1442102400
306,Ironman Wales 2015,im,Euro,2015-09-12,2015,1442102400
307,Ironman Lake Tahoe 2015,im,NA,2015-09-19,2015,1442707200
308,Ironman Mallorca 2015,im,Euro,2015-09-25,2015,1443225600
309,Ironman Chattanooga 2015,im,NA,2015-09-26,2015,1443312000
310,Ironman Maryland 2015,im,NA,2015-10-16,2015,1445040000
311,Ironman Barcelona 2015,im,Euro,2015-10-03,2015,1443916800
313,Ironman Louisville 2015,im,NA,2015-10-10,2015,1444521600
314,Ironman Los Cabos 2015,im,NA,2015-10-24,2015,1445731200
315,Ironman Florida 2015,im,NA,2015-11-06,2015,1446854400
316,Ironman Fortaleza 2015,im,SA,2015-11-07,2015,1446940800
317,Ironman Malaysia 2015,im,Asia,2015-11-13,2015,1447459200
318,Ironman Arizona 2015,im,NA,2015-11-14,2015,1447545600
319,Ironman Cozumel 2015,im,NA,2015-11-28,2015,1448755200
320,Ironman Western Australia 2015,im,Australia,2015-12-05,2015,1449360000
321,Ironman New Zealand 2016,im,Australia,2016-03-04,2016,1457136000
322,Ironman South Africa 2016,im,Africa,2016-04-09,2016,1460246400
324,Ironman Taiwan 2016,im,Asia,2016-10-01,2016,1475366400
325,Ironman Australia 2016,im,Australia,2016-04-30,2016,1462060800
326,Ironman Texas 2016,im,NA,2016-05-13,2016,1463184000
327,Ironman Lanzarote 2016,im,Euro,2016-05-20,2016,1463788800
328,Ironman Brazil 2016,im,SA,2016-05-28,2016,1464480000
329,Ironman France 2016,im,Euro,2016-06-04,2016,1465084800
330,Ironman Cairns 2016,im,Australia,2016-06-11,2016,1465689600
331,Ironman Austria 2016,im,Euro,2016-06-25,2016,1466899200
332,Ironman Frankfurt 2016,im,Euro,2016-07-02,2016,1467504000
333,Ironman UK 2016,im,Euro,2016-07-16,2016,1468713600
334,Ironman Lake Placid 2016,im,NA,2016-07-23,2016,1469318400
335,Ironman Switzerland 2016,im,Euro,2016-07-23,2016,1469318400
336,Ironman Canada 2016,im,NA,2016-07-23,2016,1469318400
337,Ironman Maastricht-Limburg 2016,im,Euro,2016-07-30,2016,1469923200
338,Ironman Boulder 2016,im,NA,2016-08-06,2016,1470528000
339,Ironman Sweden 2016,im,Euro,2016-08-19,2016,1471651200
340,Ironman Copenhagen 2016,im,Euro,2016-08-20,2016,1471737600
341,Ironman Coeur d'Alene 2016,im,NA,2016-08-20,2016,1471737600
342,Ironman Mont-Tremblant 2016,im,NA,2016-08-20,2016,1471737600
344,Ironman Vichy 2016,im,Euro,2016-08-27,2016,1472342400
348,Ironman Wales 2016,im,Euro,2016-09-17,2016,1474156800
350,Ironman Mallorca 2016,im,Euro,2016-09-23,2016,1474675200
351,Ironman Barcelona 2016,im,Euro,2016-10-01,2016,1475366400
352,Ironman Chattanooga 2016,im,NA,2016-09-24,2016,1474761600
353,Ironman Wisconsin 2016,im,NA,2016-09-10,2016,1473552000
354,Ironman Louisville 2016,im,NA,2016-10-08,2016,1475971200
355,Ironman Weymouth 2016,im,Euro,2016-09-10,2016,1473552000
356,Challenge Weymouth 2014,im,Euro,2014-09-13,2014,1410652800
357,Challenge Weymouth 2015,im,Euro,2015-09-12,2015,1442102400
358,Ironman Vineman 2016,im,NA,2016-07-29,2016,1469836800
359,Ironman Maryland 2016,im,NA,2016-09-30,2016,1475280000
360,Ironman North Carolina 2016,im,NA,2016-10-21,2016,1477094400
361,Ironman Los Cabos 2016,im,NA,2016-10-29,2016,1477785600
362,Ironman Florida 2016,im,NA,2016-11-04,2016,1478304000
363,Ironman Malaysia 2016,im,Asia,2016-11-11,2016,1478908800
364,Ironman Arizona 2016,im,NA,2016-11-19,2016,1479600000
365,Ironman Fortaleza 2016,im,SA,2016-11-19,2016,1479600000
366,Ironman Cozumel 2016,im,NA,2016-11-26,2016,1480204800
367,Ironman Western Australia 2016,im,Australia,2016-12-03,2016,1480809600
372,Ironman New Zealand 2017,im,Australia,2017-03-03,2017,1488585600
373,Ironman South Africa 2017,im,Africa,2017-04-01,2017,1491091200
374,Ironman Texas 2017,im,NA,2017-04-21,2017,1492819200
375,Ironman Australia 2017,im,Australia,2017-05-06,2017,1494115200
376,Ironman Lanzarote 2017,im,Euro,2017-05-19,2017,1495238400
377,Ironman Brazil 2017,im,SA,2017-05-27,2017,1495929600
378,Ironman Cairns 2017,im,Australia,2017-06-10,2017,1497139200
379,Ironman France 2017,im,Euro,2017-07-22,2017,1500768000
380,Ironman Austria 2017,im,Euro,2017-07-01,2017,1498953600
381,Ironman Frankfurt 2017,im,Euro,2017-07-08,2017,1499558400
382,Ironman UK 2017,im,Euro,2017-07-15,2017,1500163200
383,Ironman Lake Placid 2017,im,NA,2017-07-22,2017,1500768000
384,Ironman Switzerland 2017,im,Euro,2017-07-29,2017,1501372800
385,Ironman Canada 2017,im,NA,2017-07-29,2017,1501372800
386,Ironman Maastricht-Limburg 2017,im,Euro,2017-08-05,2017,1501977600
387,Ironman Sweden 2017,im,Euro,2017-08-18,2017,1503100800
388,Ironman Copenhagen 2017,im,Euro,2017-08-19,2017,1503187200
389,Ironman Mont-Tremblant 2017,im,NA,2017-08-19,2017,1503187200
390,Ironman Coeur d'Alene 2017,im,NA,2017-08-26,2017,1503792000
391,Ironman Boulder 2017,im,NA,2017-06-10,2017,1497139200
395,Ironman Hamburg 2017,im,Euro,2017-08-12,2017,1502582400
396,Ironman Vichy 2017,im,Euro,2017-08-26,2017,1503792000
399,Ironman Santa Rosa 2017,im,NA,2017-07-28,2017,1501286400
400,Ironman Gurye 2017,im,Asia,2017-09-09,2017,1505001600
401,Ironman Wisconsin 2017,im,NA,2017-09-09,2017,1505001600
402,Ironman Wales 2017,im,Euro,2017-09-09,2017,1505001600
403,Ironman Italy 2017,im,Euro,2017-09-22,2017,1506124800
404,Ironman Chattanooga 2017,im,NA,2017-09-23,2017,1506211200
405,Ironman Barcelona 2017,im,Euro,2017-09-30,2017,1506816000
406,Ironman Taiwan 2017,im,Asia,2017-09-30,2017,1506816000
407,Ironman Maryland 2017,im,NA,2017-10-06,2017,1507334400
409,Ironman Louisville 2017,im,NA,2017-10-14,2017,1508025600
410,Ironman Florida 2017,im,NA,2017-11-03,2017,1509753600
411,Ironman Los Cabos 2017,im,NA,2017-11-11,2017,1510444800
412,Ironman Arizona 2017,im,NA,2017-11-18,2017,1511049600
413,Ironman Cozumel 2017,im,NA,2017-11-25,2017,1511654400
414,Ironman Western Australia 2017,im,Australia,2017-12-02,2017,1512259200
415,Ironman Argentina 2017,im,SA,2017-12-02,2017,1512259200
416,Ironman New Zealand 2018,im,Australia,2018-03-02,2018,1520035200
417,Ironman South Africa 2018,im,Africa,2018-04-14,2018,1523750400
418,Ironman Texas 2018,im,NA,2018-04-27,2018,1524873600
419,Ironman Australia 2018,im,Australia,2018-05-05,2018,1525564800
420,Ironman Brazil 2018,im,SA,2018-05-26,2018,1527379200
421,Ironman Cairns 2018,im,Australia,2018-06-09,2018,1528588800
422,Ironman Boulder 2018,im,NA,2018-06-09,2018,1528588800
427,Ironman Malaysia 2017,im,Asia,2017-11-10,2017,1510358400
428,Ironman Santa Rosa 2018,im,NA,2018-05-11,2018,1526083200
429,Ironman Lanzarote 2018,im,Euro,2018-05-25,2018,1527292800
430,Ironman Philippines 2018,im,Asia,2018-06-02,2018,1527984000
431,Ironman France 2018,im,Euro,2018-06-23,2018,1529798400
432,Ironman Austria 2018,im,Euro,2018-06-30,2018,1530403200
433,Ironman Norway 2018,im,Euro,2018-06-30,2018,1530403200
434,Ironman Frankfurt 2018,im,Euro,2018-07-07,2018,1531008000
435,Ironman UK 2018,im,Euro,2018-07-14,2018,1531612800
436,Ironman Lake Placid 2018,im,NA,2018-07-21,2018,1532217600
437,Ironman Switzerland 2018,im,Euro,2018-07-28,2018,1532822400
438,Ironman Hamburg 2018,im,Euro,2018-07-28,2018,1532822400
439,Ironman Canada 2018,im,NA,2018-07-28,2018,1532822400
440,Ironman Tallinn 2018,im,Euro,2018-08-03,2018,1533340800
441,Ironman Maastricht-Limburg 2018,im,Euro,2018-08-04,2018,1533427200
442,Ironman Sweden 2018,im,Euro,2018-08-17,2018,1534550400
443,Ironman Copenhagen 2018,im,Euro,2018-08-18,2018,1534636800
444,Ironman Mont-Tremblant 2018,im,NA,2018-08-18,2018,1534636800
445,Ironman Vichy 2018,im,Euro,2018-08-25,2018,1535241600
448,Ironman Gurye 2018,im,Asia,2018-09-08,2018,1536451200
449,Ironman Wisconsin 2018,im,NA,2018-09-08,2018,1536451200
450,Ironman Wales 2018,im,Euro,2018-09-08,2018,1536451200
454,Ironman Italy 2018,im,Euro,2018-09-21,2018,1537574400
455,Ironman Maryland 2018,im,NA,2018-09-28,2018,1538179200
456,Ironman Chattanooga 2018,im,NA,2018-09-29,2018,1538265600
457,Ironman Taiwan 2018,im,Asia,2018-10-06,2018,1538870400
458,Ironman Barcelona 2018,im,Euro,2018-10-06,2018,1538870400
460,Ironman Louisville 2018,im,NA,2018-10-13,2018,1539475200
461,Ironman Florida 2018,im,NA,2018-11-03,2018,1541289600
462,Ironman Malaysia 2018,im,Asia,2018-11-16,2018,1542412800
463,Ironman Cozumel 2018,im,NA,2018-11-17,2018,1542499200
464,Ironman Arizona 2018,im,NA,2018-11-17,2018,1542499200
465,Ironman Argentina 2018,im,SA,2018-12-01,2018,1543708800
469,Ironman New Zealand 2019,im,Australia,2019-03-01,2019,1551484800
470,Ironman South Africa 2019,im,Africa,2019-04-06,2019,1554595200
471,Ironman Texas 2019,im,NA,2019-04-26,2019,1556323200
472,Ironman Australia 2019,im,Australia,2019-05-04,2019,1557014400
473,Ironman Santa Rosa 2019,im,NA,2019-05-10,2019,1557532800
474,Ironman Lanzarote 2019,im,Euro,2019-05-24,2019,1558742400
475,Ironman Brazil 2019,im,SA,2019-05-25,2019,1558828800
476,Ironman Boulder 2019,im,NA,2019-06-08,2019,1560038400
477,Ironman Cairns 2019,im,Australia,2019-06-08,2019,1560038400
478,Ironman Ireland 2019,im,Euro,2019-06-22,2019,1561248000
479,Ironman Frankfurt 2019,im,Euro,2019-06-29,2019,1561852800
480,Ironman Norway 2019,im,Euro,2019-06-29,2019,1561852800
481,Ironman France 2019,im,Euro,2019-06-29,2019,1561852800
482,Ironman Austria 2019,im,Euro,2019-07-06,2019,1562457600
483,Ironman UK 2019,im,Euro,2019-07-13,2019,1563062400
484,Ironman Vitoria-Gasteiz 2019,im,Euro,2019-07-13,2019,1563062400
485,Ironman Switzerland 2019,im,Euro,2019-07-20,2019,1563667200
486,Ironman Lake Placid 2019,im,NA,2019-07-27,2019,1564272000
487,Ironman Hamburg 2019,im,Euro,2019-07-27,2019,1564272000
488,Ironman Canada 2019,im,NA,2019-07-27,2019,1564272000
489,Ironman Tallinn 2019,im,Euro,2019-08-02,2019,1564790400
491,Ironman Sweden 2019,im,Euro,2019-08-16,2019,1566000000
492,Ironman Copenhagen 2019,im,Euro,2019-08-17,2019,1566086400
493,Ironman Mont-Tremblant 2019,im,NA,2019-08-17,2019,1566086400
494,Ironman Vichy 2019,im,Euro,2019-08-24,2019,1566691200
495,Ironman Wisconsin 2019,im,NA,2019-09-07,2019,1567900800
497,Ironman Italy 2019,im,Euro,2019-09-20,2019,1569024000
498,Ironman Maryland 2019,im,NA,2019-09-27,2019,1569628800
499,Ironman Chattanooga 2019,im,NA,2019-09-28,2019,1569715200
500,Ironman Barcelona 2019,im,Euro,2019-10-05,2019,1570320000
503,Ironman Louisville 2019,im,NA,2019-10-12,2019,1570924800
504,Ironman Florida 2019,im,NA,2019-11-01,2019,1572652800
505,Ironman Western Australia 2018,im,Australia,2018-12-01,2018,1543708800
527,Ironman Malaysia 2019,im,Asia,2019-10-25,2019,1572048000
528,Ironman Arizona 2019,im,NA,2019-11-23,2019,1574553600
529,Ironman Cozumel 2019,im,NA,2019-11-23,2019,1574553600
530,Ironman Western Australia 2019,im,Australia,2019-11-30,2019,1575158400
531,Ironman Argentina 2019,im,SA,2019-11-30,2019,1575158400
677,Ironman Regensburg 2011,im,Euro,2011-08-06,2011,1312675200
678,Ironman St George 2010,im,NA,2010-04-30,2010,1272672000
679,Ironman St George 2011,im,NA,2011-05-06,2011,1304726400
680,Ironman Taiwan 2019,im,Asia,2019-09-28,2019,1569715200
681,Ironman New Zealand 2020,im,Australia,2020-03-06,2020,1583539200
689,Ironman Cairns 2020,im,Australia,2020-09-26,2020,1601164800
702,Ironman Tallinn 2020,im,Euro,2020-09-04,2020,1599264000
1117,Ironman Malaysia 2006,im,Asia,,2006,
1118,Ironman New Zealand 2006,im,Australia,,2006,
1124,Ironman Malaysia 2007,im,Asia,,2007,
1150,Ironman China 2009,im,Asia,,2009,
1180,Ironman China 2010,im,Asia,,2010,
1449,Ironman Cozumel 2020,im,NA,2020-11-21,2020,1606003200
1451,Ironman Florida 2020,im,NA,2020-11-06,2020,1604707200
1765,Ironman South Africa 2021,im,Africa,2021-11-20,2021,1637452800
1766,Ironman Coeur d'Alene 2021,im,NA,2021-06-26,2021,1624752000
1768,Ironman Arizona 2021,im,NA,2021-11-20,2021,1637452800
1769,Ironman Cairns 2021,im,Australia,2021-06-05,2021,1622937600
1771,Ironman Austria 2021,im,Euro,2021-09-18,2021,1632009600
1772,Ironman Barcelona 2021,im,Euro,2021-10-02,2021,1633219200
1773,Ironman Brazil 2022,im,SA,,2022,
1774,Ironman Canada 2022,im,NA,2022-08-27,2022,1661644800
1775,Ironman Chattanooga 2021,im,NA,2021-09-25,2021,1632614400
1776,Ironman Copenhagen 2021,im,Euro,2021-08-21,2021,1629590400
1777,Ironman Cozumel 2021,im,NA,2021-11-20,2021,1637452800
1778,Ironman Italy 2021,im,Euro,2021-09-17,2021,1631923200
1779,Ironman Frankfurt 2021,im,Euro,2021-06-26,2021,1624752000
1780,Ironman Florida 2021,im,NA,2021-11-05,2021,1636156800
1781,Ironman France 2021,im,Euro,2021-09-11,2021,1631404800
1782,Ironman Hamburg 2021,im,Euro,2021-08-28,2021,1630195200
1783,Ironman Ireland 2022,im,Euro,2022-08-13,2022,1660435200
1784,Ironman Sweden 2022,im,Euro,,2022,
1785,Ironman Indiana 2021,im,NA,2021-10-01,2021,1633132800
1786,Ironman Lake Placid 2021,im,NA,2021-07-24,2021,1627171200
1787,Ironman Lanzarote 2021,im,Euro,2021-07-02,2021,1625270400
1788,Ironman Malaysia 2022,im,Asia,2022-11-04,2022,1667606400
1789,Ironman Maryland 2021,im,NA,2021-09-17,2021,1631923200
1790,Ironman Mont-Tremblant 2022,im,NA,,2022,
1792,Ironman Philippines 2022,im,Asia,2022-03-05,2022,1646524800
1793,Ironman Switzerland 2021,im,Euro,2021-09-04,2021,1630800000
1794,Ironman Tallinn 2021,im,Euro,2021-08-06,2021,1628294400
1795,Ironman Texas 2021,im,NA,2021-10-08,2021,1633737600
1796,Ironman Tulsa 2021,im,NA,2021-05-22,2021,1621728000
1797,Ironman UK 2021,im,Euro,2021-07-03,2021,1625356800
1798,Ironman Vichy 2021,im,Euro,2021-08-21,2021,1629590400
1799,Ironman Vitoria-Gasteiz 2021,im,Euro,2021-09-04,2021,1630800000
1800,Ironman Wales 2022,im,Euro,,2022,
1801,Ironman Western Australia 2021,im,Australia,2021-12-04,2021,1638662400
1802,Ironman Wisconsin 2021,im,NA,2021-09-11,2021,1631404800
1804,Ironman Kazakhstan 2022,im,Asia,,2022,
1805,Ironman Portugal - Cascais 2021,im,Euro,2021-10-22,2021,1634947200
1806,Ironman Finland 2021,im,Euro,2021-08-13,2021,1628899200
1807,Ironman Gdynia 2021,im,Euro,2021-08-07,2021,1628380800
1834,Ironman Argentina 2022,im,SA,2022-09-10,2022,1662854400
1835,Ironman Taiwan 2022,im,Asia,2022-04-09,2022,1649548800
1836,Ironman Mallorca 2021,im,Euro,2021-10-15,2021,1634342400
1869,Ironman South Africa 2022,im,Africa,2022-04-02,2022,1648944000
1870,Ironman Texas 2022,im,NA,2022-04-22,2022,1650672000
1871,Ironman World Championship St George 2021,im,NA,2022-05-06,2021,1651881600
1872,Ironman Lanzarote 2022,im,Euro,2022-05-20,2022,1653091200
1873,Ironman Hamburg 2022,im,Euro,2022-06-04,2022,1654387200
1874,Ironman Des Moines 2022,im,NA,2022-06-11,2022,1654992000
1875,Ironman France 2022,im,Euro,2022-06-25,2022,1656201600
1876,Ironman Frankfurt 2022,im,Euro,2022-06-25,2022,1656201600
1877,Ironman UK 2022,im,Euro,2022-07-02,2022,1656806400
1878,Ironman Austria 2022,im,Euro,2022-07-02,2022,1656806400
1880,Ironman Copenhagen 2022,im,Euro,2022-08-20,2022,1661040000
1881,Ironman Gdynia 2022,im,Euro,2022-08-06,2022,1659830400
1882,Ironman Maastricht-Limburg 2022,im,Euro,2022-08-06,2022,1659830400
1883,Ironman Alaska 2022,im,NA,2022-08-06,2022,1659830400
1884,Ironman Tallinn 2022,im,Euro,2022-08-05,2022,1659744000
1885,Ironman Lake Placid 2022,im,NA,2022-07-23,2022,1658620800
1886,Ironman Vitoria-Gasteiz 2022,im,Euro,2022-07-09,2022,1657411200
1887,Ironman Switzerland 2022,im,Euro,2022-07-09,2022,1657411200
1888,Ironman Cairns 2022,im,Australia,2022-06-11,2022,1654992000
1889,Ironman Pays d'Aix-en-Provence 2022,im,Euro,2022-05-21,2022,1653177600
1890,Ironman Tulsa 2022,im,NA,2022-05-21,2022,1653177600
1891,Ironman Mallorca 2022,im,Euro,2022-05-06,2022,1651881600
1892,Ironman Waco 2021,im,NA,2021-10-22,2021,1634947200
1893,Ironman Vichy 2022,im,Euro,2022-08-20,2022,1661040000
1894,Ironman Wisconsin 2022,im,NA,2022-09-10,2022,1662854400
1895,Ironman Italy 2022,im,Euro,2022-09-16,2022,1663372800
1896,Ironman Maryland 2022,im,NA,2022-09-16,2022,1663372800
1897,Ironman Chattanooga 2022,im,NA,2022-09-24,2022,1664064000
1898,Ironman Barcelona 2022,im,Euro,2022-10-01,2022,1664668800
1899,Ironman Portugal - Cascais 2022,im,Euro,2022-10-14,2022,1665792000
1900,Ironman Waco 2022,im,NA,2022-10-14,2022,1665792000
1901,Ironman California 2022,im,NA,2022-10-22,2022,1666483200
1902,Ironman Florida 2022,im,NA,2022-11-04,2022,1667606400
1903,Ironman Arizona 2022,im,NA,2022-11-19,2022,1668902400
1904,Ironman Cozumel 2022,im,NA,2022-11-19,2022,1668902400
1905,Ironman Israel 2022,im,Euro,2022-11-24,2022,1669334400
1906,Ironman Western Australia 2022,im,Australia,2022-12-03,2022,1670112000
1907,Ironman New Zealand 2022,im,Australia,2022-12-09,2022,1670630400
1908,Ironman New Zealand 2023,im,Australia,2023-03-03,2023,1677888000
1909,Ironman South Africa 2023,im,Africa,2023-03-04,2023,1677974400
1910,Ironman Texas 2023,im,NA,2023-04-21,2023,1682121600
1911,Ironman Australia 2023,im,Australia,2023-05-06,2023,1683417600
1912,Ironman Lanzarote 2023,im,Euro,2023-05-19,2023,1684540800
1913,Ironman Tulsa 2023,im,NA,2023-05-20,2023,1684627200
1914,Ironman Brazil 2023,im,SA,2023-05-27,2023,1685232000
1915,Ironman Hamburg 2023,im,Euro,2023-06-03,2023,1685836800
1916,Ironman Cairns 2023,im,Australia,2023-06-17,2023,1687046400
1917,Ironman Austria 2023,im,Euro,2023-06-17,2023,1687046400
1918,Ironman France 2023,im,Euro,2023-06-24,2023,1687651200
1919,Ironman Coeur d'Alene 2023,im,NA,2023-06-24,2023,1687651200
1920,Ironman Frankfurt 2023,im,Euro,2023-07-01,2023,1688256000
1921,Ironman UK 2023,im,Euro,2023-07-01,2023,1688256000
1922,Ironman Switzerland 2023,im,Euro,2023-07-08,2023,1688860800
1923,Ironman Vitoria-Gasteiz 2023,im,Euro,2023-07-15,2023,1689465600
1924,Ironman Lake Placid 2023,im,NA,2023-07-22,2023,1690070400
1925,Ironman Tallinn 2023,im,Euro,2023-08-04,2023,1691193600
1927,Ironman Gdynia 2023,im,Euro,2023-08-05,2023,1691280000
1928,Ironman Sweden 2023,im,Euro,2023-08-18,2023,1692403200
1929,Ironman Ireland 2023,im,Euro,2023-08-19,2023,1692489600
1930,Ironman Mont-Tremblant 2023,im,NA,2023-08-19,2023,1692489600
1931,Ironman Copenhagen 2023,im,Euro,2023-08-19,2023,1692489600
1932,Ironman Finland 2022,im,Euro,2022-08-12,2022,1660348800
1947,Ironman Canada 2012,im,NA,,2012,
2129,Ironman Vichy 2023,im,Euro,2023-08-19,2023,1692489600
2130,Ironman Western Australia 2023,im,Australia,2023-12-02,2023,1701561600
2131,Ironman Kazakhstan 2023,im,Asia,2023-07-01,2023,1688256000
2133,Ironman Florida 2023,im,NA,2023-11-03,2023,1699056000
2134,Ironman Arizona 2023,im,NA,2023-11-18,2023,1700352000
2135,Ironman Cozumel 2023,im,NA,2023-11-18,2023,1700352000
2136,Ironman Barcelona 2023,im,Euro,2023-09-30,2023,1696118400
2137,Ironman Malaysia 2023,im,Asia,2023-10-06,2023,1696636800
2138,Ironman Portugal - Cascais 2023,im,Euro,2023-10-20,2023,1697846400
2139,Ironman California 2023,im,NA,2023-10-21,2023,1697932800
2140,Ironman Gurye 2023,im,Asia,2023-09-09,2023,1694304000
2141,Ironman Wisconsin 2023,im,NA,2023-09-09,2023,1694304000
2142,Ironman Italy 2023,im,Euro,2023-09-15,2023,1694822400
2144,Ironman Chattanooga 2023,im,NA,2023-09-23,2023,1695513600
2145,Ironman Wales 2023,im,Euro,2023-09-02,2023,1693699200
2146,Ironman Philippines 2023,im,Asia,2023-06-10,2023,1686441600
2147,Ironman South Africa 2024,im,Africa,2024-04-20,2024,1713657600
2148,Ironman Texas 2024,im,NA,2024-04-26,2024,1714176000
2149,Ironman Canada 2024,im,NA,2024-08-24,2024,1724544000
2150,Ironman Copenhagen 2024,im,Euro,2024-08-17,2024,1723939200
2151,Ironman Frankfurt 2024,im,Euro,2024-08-17,2024,1723939200
2152,Ironman Sweden 2024,im,Euro,2024-08-16,2024,1723852800
2153,Ironman Tallinn 2024,im,Euro,2024-08-23,2024,1724457600
2154,Ironman Western Australia 2024,im,Australia,2024-11-30,2024,1733011200
2155,Ironman Lake Placid 2024,im,NA,2024-07-20,2024,1721520000
2156,Ironman Switzerland 2024,im,Euro,2024-07-06,2024,1720310400
2157,Ironman Vitoria-Gasteiz 2024,im,Euro,2024-07-13,2024,1720915200
2158,Ironman Cairns 2024,im,Australia,2024-06-15,2024,1718496000
2159,Ironman Austria 2024,im,Euro,2024-06-15,2024,1718496000
2160,Ironman France 2024,im,Euro,2024-06-15,2024,1718496000
2161,Ironman Hamburg 2024,im,Euro,2024-06-01,2024,1717286400
2162,Ironman Philippines 2024,im,Asia,2024-06-08,2024,1717891200
2163,Ironman Australia 2024,im,Australia,2024-05-04,2024,1714867200
2164,Ironman Brazil 2024,im,SA,2024-05-18,2024,1716076800
2165,Ironman Lanzarote 2024,im,Euro,2024-05-17,2024,1715990400
2166,Ironman Arizona 2024,im,NA,2024-11-16,2024,1731801600
2167,Ironman Cozumel 2024,im,NA,2024-11-23,2024,1732406400
2168,Ironman Florida 2024,im,NA,2024-11-01,2024,1730505600
2169,Ironman California 2024,im,NA,2024-10-26,2024,1729987200
2170,Ironman Barcelona 2024,im,Euro,2024-10-05,2024,1728172800
2171,Ironman Malaysia 2024,im,Asia,2024-10-11,2024,1728691200
2172,Ironman Portugal - Cascais 2024,im,Euro,2024-10-18,2024,1729296000
2174,Ironman Chattanooga 2024,im,NA,2024-09-28,2024,1727568000
2175,Ironman Italy 2024,im,Euro,2024-09-20,2024,1726876800
2176,Ironman Gurye 2024,im,Asia,2024-09-28,2024,1727568000
2177,Ironman Maryland 2024,im,NA,2024-09-20,2024,1726876800
2178,Ironman Wales 2024,im,Euro,2024-09-21,2024,1726963200
2179,Ironman Wisconsin 2024,im,NA,2024-09-07,2024,1725753600
2181,Ironman Japan 2024,im,Asia,2024-09-14,2024,1726358400
2184,Ironman New Zealand 2024,im,Australia,2024-03-01,2024,1709337600
2185,Ironman World Championship 2023,im,NA,2023-10-13,2023,1697241600
2186,Ironman World Championship 2023,im,Euro,2023-09-09,2023,1694304000
2187,Ironman Australia 2025,im,Australia,2025-05-03,2025,1746316800
2188,Ironman Brazil 2025,im,SA,2025-05-31,2025,1748736000
2189,Ironman Cairns 2025,im,Australia,2025-06-14,2025,1749945600
2191,Ironman France 2025,im,Euro,2025-06-28,2025,1751155200
2192,Ironman Hamburg 2025,im,Euro,2025-05-31,2025,1748736000
2193,Ironman Austria 2025,im,Euro,2025-06-14,2025,1749945600
2194,Ironman Lake Placid 2025,im,NA,2025-07-19,2025,1752969600
2195,Ironman Lanzarote 2025,im,Euro,2025-05-16,2025,1747440000
2196,Ironman Les Sables 2025,im,Euro,2025-06-21,2025,1750550400
2197,Ironman South Africa 2025,im,Africa,2025-03-29,2025,1743292800
2199,Ironman Texas 2025,im,NA,2025-04-25,2025,1745625600
2200,Ironman Vitoria-Gasteiz 2025,im,Euro,2025-07-12,2025,1752364800
2201,Ironman Taiwan 2025,im,Asia,2025-04-12,2025,1744502400
2202,Ironman World Championship 2025,im,Euro,2025-09-13,2025,1757808000
2203,Ironman World Championship 2025,im,Euro,2025-10-10,2025,1760140800
2204,Ironman 70.3 Westfriesland 2024,him,Euro,2024-06-22,2024,1719100800
2205,Ironman Frankfurt 2025,im,Euro,2025-06-28,2025,1751155200
2206,Ironman Leeds 2025,im,Euro,2025-07-26,2025,1753574400
2207,Ironman Ottawa 2025,im,NA,2025-08-02,2025,1754179200
2208,Ironman Sweden 2025,im,Euro,2025-08-15,2025,1755302400
2209,Ironman Copenhagen 2025,im,Euro,2025-08-16,2025,1755388800
2210,Ironman 70.3 Durban 2023,him,Africa,,2023,
2211,Ironman 70.3 Egypt 2023,him,Africa,2023-11-02,2023,1698969600
2212,Ironman 70.3 Mossel Bay 2023,him,Africa,2023-11-18,2023,1700352000
2213,Ironman 70.3 Nelson Mandela Bay 2023,him,Africa,,2023,
2214,Ironman 70.3 Rwanda 2023,him,Africa,2023-08-04,2023,1691193600
2215,Ironman 70.3 Tangier 2023,him,Africa,2023-10-28,2023,1698537600
2216,Ironman 70.3 Durban 2024,him,Africa,2024-06-01,2024,1717286400
2217,Ironman 70.3 Nelson Mandela Bay 2024,him,Africa,2024-04-20,2024,1713657600
2218,Ironman 70.3 Desaru Coast 2023,him,Asia,,2023,
2219,Ironman 70.3 Goa 2023,him,Asia,2023-10-07,2023,1696723200
2220,Ironman 70.3 Goseong 2023,him,Asia,,2023,
2221,Ironman 70.3 Japan 2023,him,Asia,,2023,
2222,Ironman 70.3 Langkawi 2023,him,Asia,2023-10-06,2023,1696636800
2223,Ironman 70.3 Bahrain 2023,him,Asia,2023-12-07,2023,1701993600
2224,Ironman 70.3 Phu Quoc 2023,him,Asia,2023-11-18,2023,1700352000
2225,Ironman 70.3 Puerto Princesa 2023,him,Asia,2023-11-11,2023,1699747200
2226,Ironman 70.3 Salalah 2023,him,Asia,2023-09-22,2023,1695427200
2227,Ironman 70.3 Subic Bay 2023,him,Asia,,2023,
2228,Ironman 70.3 Vietnam 2023,him,Asia,,2023,
2229,Ironman 70.3 Bangsaen 2024,him,Asia,2024-02-17,2024,1708214400
2230,Ironman 70.3 Desaru Coast 2024,him,Asia,2024-05-18,2024,1716076800
2231,Ironman 70.3 Goseong 2024,him,Asia,2024-06-15,2024,1718496000
2232,Ironman 70.3 Bahrain 2024,him,Asia,2024-11-28,2024,1732838400
2233,Ironman 70.3 Cairns 2023,him,Australia,,2023,
2234,Ironman 70.3 Western Australia 2023,him,Australia,2023-12-02,2023,1701561600
2235,Ironman 70.3 Cairns 2024,him,Australia,2024-06-15,2024,1718496000
2236,Ironman 70.3 Geelong 2024,him,Australia,2024-03-23,2024,1711238400
2237,Ironman 70.3 Sunshine Coast 2023,him,Australia,2023-09-09,2023,1694304000
2238,Ironman 70.3 Taupo 2023,him,Australia,2023-12-08,2023,1702080000
2239,Ironman 70.3 Western Sydney 2023,him,Australia,2023-09-23,2023,1695513600
2240,Ironman 70.3 New Zealand 2024,him,Australia,2024-03-01,2024,1709337600
2241,Ironman 70.3 Port Macquarie 2024,him,Australia,2024-05-04,2024,1714867200
2242,Ironman 70.3 Sunshine Coast 2024,him,Australia,2024-09-07,2024,1725753600
2243,Ironman 70.3 Victoria 2024,him,Australia,2024-05-25,2024,1716681600
2244,Ironman 70.3 Western Australia 2024,him,Australia,2024-11-30,2024,1733011200
2245,Ironman 70.3 Western Sydney 2024,him,Australia,2024-09-21,2024,1726963200
2246,Ironman 70.3 Mallorca 2023,him,Euro,,2023,
2247,Ironman 70.3 Duisburg 2023,him,Euro,2023-08-05,2023,1691280000
2248,Ironman 70.3 Elsinore 2023,him,Euro,,2023,
2249,Ironman 70.3 Erkner 2023,him,Euro,2023-09-09,2023,1694304000
2250,Ironman 70.3 Gdynia 2023,him,Euro,2023-08-05,2023,1691280000
2251,Ironman 70.3 Ireland 2023,him,Euro,2023-08-18,2023,1692403200
2252,Ironman 70.3 Italy Emilia-Romagna 2023,him,Euro,2023-09-16,2023,1694908800
2253,Ironman 70.3 Jönköping 2023,him,Euro,2023-07-08,2023,1688860800
2254,Ironman 70.3 Knokke-Heist 2023,him,Euro,2023-09-16,2023,1694908800
2255,Ironman 70.3 Les Sables d'Olonne-Vendée 2023,him,Euro,,2023,
2256,Ironman 70.3 Luxembourg-Region Moselle 2023,him,Euro,,2023,
2257,Ironman 70.3 Marbella 2023,him,Euro,,2023,
2258,Ironman 70.3 Nice 2023,him,Euro,2023-06-24,2023,1687651200
2259,Ironman 70.3 Porec 2023,him,Euro,2023-10-14,2023,1697328000
2260,Ironman 70.3 Portugal - Cascais 2023,him,Euro,2023-10-20,2023,1697846400
2261,Ironman 70.3 Poznan 2023,him,Euro,2023-09-02,2023,1693699200
2262,Ironman 70.3 Swansea 2023,him,Euro,2023-07-15,2023,1689465600
2263,Ironman 70.3 Switzerland 2023,him,Euro,,2023,
2264,Ironman 70.3 Tallinn 2023,him,Euro,2023-08-05,2023,1691280000
2265,Ironman 70.3 Aix-en-Provence 2024,him,Euro,2024-05-18,2024,1716076800
2267,Ironman 70.3 Bolton 2024,him,Euro,2024-06-29,2024,1719705600
2268,Ironman 70.3 Gdynia 2024,him,Euro,2024-08-03,2024,1722729600
2269,Ironman 70.3 Les Sables d'Olonne-Vendée 2024,him,Euro,2024-06-29,2024,1719705600
2270,Ironman 70.3 Marathon 2024,him,Euro,2024-10-19,2024,1729382400
2271,Ironman 70.3 Marbella 2024,him,Euro,2024-10-26,2024,1729987200
2272,Ironman 70.3 Weymouth 2023,him,Euro,2023-09-16,2023,1694908800
2273,Ironman 70.3 Zell am See-Kaprun 2023,him,Euro,2023-09-02,2023,1693699200
2274,Ironman 70.3 Belgrade 2024,him,Euro,2024-09-14,2024,1726358400
2275,Ironman 70.3 Duisburg 2024,him,Euro,2024-08-31,2024,1725148800
2276,Ironman 70.3 Erkner 2024,him,Euro,2024-09-14,2024,1726358400
2277,Ironman 70.3 Hradec Králové 2024,him,Euro,2024-08-17,2024,1723939200
2278,Ironman 70.3 Italy Emilia-Romagna 2024,him,Euro,2024-09-21,2024,1726963200
2279,Ironman 70.3 Jönköping 2024,him,Euro,2024-07-06,2024,1720310400
2280,Ironman 70.3 Knokke-Heist 2024,him,Euro,2024-09-07,2024,1725753600
2281,Ironman 70.3 Kraichgau 2024,him,Euro,2024-05-25,2024,1716681600
2282,Ironman 70.3 Luxembourg-Region Moselle 2024,him,Euro,2024-06-29,2024,1719705600
2283,Ironman 70.3 Nice 2024,him,Euro,2024-06-15,2024,1718496000
2284,Ironman 70.3 Portugal - Cascais 2024,him,Euro,2024-10-18,2024,1729296000
2285,Ironman 70.3 Swansea 2024,him,Euro,2024-07-13,2024,1720915200
2286,Ironman 70.3 Switzerland 2024,him,Euro,2024-06-01,2024,1717286400
2287,Ironman 70.3 Tallinn 2024,him,Euro,2024-08-24,2024,1724544000
2288,Ironman 70.3 Valencia 2024,him,Euro,2024-04-20,2024,1713657600
2289,Ironman 70.3 Venice-Jesolo 2024,him,Euro,2024-05-04,2024,1714867200
2290,Ironman 70.3 Vichy 2024,him,Euro,2024-08-31,2024,1725148800
2291,Ironman 70.3 Warsaw 2024,him,Euro,2024-06-08,2024,1717891200
2292,Ironman 70.3 Weymouth 2024,him,Euro,2024-09-14,2024,1726358400
2293,Ironman 70.3 Zell am See-Kaprun 2024,him,Euro,2024-08-31,2024,1725148800
2294,Ironman 70.3 Augusta 2023,him,NA,2023-09-23,2023,1695513600
2295,Ironman 70.3 Boulder 2023,him,NA,,2023,
2296,Ironman 70.3 Calgary 2023,him,NA,2023-07-29,2023,1690675200
2297,Ironman 70.3 Chattanooga 2023,him,NA,,2023,
2298,Ironman 70.3 Cozumel 2023,him,NA,2023-09-23,2023,1695513600
2299,Ironman 70.3 Des Moines 2023,him,NA,,2023,
2300,Ironman 70.3 Eagleman 2023,him,NA,,2023,
2301,Ironman 70.3 Florida 2023,him,NA,2023-12-09,2023,1702166400
2302,Ironman 70.3 Gulf Coast 2023,him,NA,,2023,
2303,Ironman 70.3 Hawaii 2023,him,NA,,2023,
2304,Ironman 70.3 Indian Wells La Quinta 2023,him,NA,2023-12-02,2023,1701561600
2305,Ironman 70.3 Maine 2023,him,NA,2023-07-29,2023,1690675200
2306,Ironman 70.3 Michigan 2023,him,NA,2023-09-16,2023,1694908800
2307,Ironman 70.3 Mont-Tremblant 2023,him,NA,2023-08-19,2023,1692489600
2308,Ironman 70.3 Muncie 2023,him,NA,2023-09-29,2023,1696032000
2309,Ironman 70.3 Muskoka 2023,him,NA,2023-07-08,2023,1688860800
2310,Ironman 70.3 Musselman 2023,him,NA,2023-07-08,2023,1688860800
2311,Ironman 70.3 North Carolina 2023,him,NA,2023-10-20,2023,1697846400
2312,Ironman 70.3 Ohio 2023,him,NA,2023-07-22,2023,1690070400
2313,Ironman 70.3 Oregon 2023,him,NA,2023-07-22,2023,1690070400
2314,Ironman 70.3 Happy Valley 2023,him,NA,,2023,
2315,Ironman 70.3 Santa Cruz 2023,him,NA,2023-09-09,2023,1694304000
2316,Ironman 70.3 Victoria 2023,him,Australia,,2023,
2317,Ironman 70.3 Western Massachusetts 2023,him,NA,,2023,
2318,Ironman 70.3 Boulder 2024,him,NA,2024-06-07,2024,1717804800
2319,Ironman 70.3 Campeche 2024,him,SA,2024-03-16,2024,1710633600
2320,Ironman 70.3 Chattanooga 2024,him,NA,2024-05-18,2024,1716076800
2321,Ironman 70.3 Des Moines 2024,him,NA,2024-06-08,2024,1717891200
2322,Ironman 70.3 Gulf Coast 2024,him,NA,2024-05-10,2024,1715385600
2323,Ironman 70.3 Waco 2023,him,NA,2023-10-14,2023,1697328000
2324,Ironman 70.3 Wisconsin 2023,him,NA,2023-09-08,2023,1694217600
2325,Ironman 70.3 Coeur d'Alene 2024,him,NA,2024-06-22,2024,1719100800
2326,Ironman 70.3 Eagleman 2024,him,NA,2024-06-08,2024,1717891200
2327,Ironman 70.3 Hawaii 2024,him,NA,2024-05-31,2024,1717200000
2328,Ironman 70.3 Louisville 2024,him,NA,2024-08-17,2024,1723939200
2329,Ironman 70.3 Maine 2024,him,NA,2024-07-27,2024,1722124800
2330,Ironman 70.3 Michigan 2024,him,NA,2024-09-14,2024,1726358400
2331,Ironman 70.3 Mont-Tremblant 2024,him,NA,2024-06-22,2024,1719100800
2332,Ironman 70.3 Muncie 2024,him,NA,2024-07-12,2024,1720828800
2333,Ironman 70.3 Muskoka 2024,him,NA,2024-07-06,2024,1720310400
2334,Ironman 70.3 Musselman 2024,him,NA,2024-07-13,2024,1720915200
2335,Ironman 70.3 New York 2024,him,NA,2024-09-27,2024,1727481600
2336,Ironman 70.3 North Carolina 2024,him,NA,2024-10-18,2024,1729296000
2337,Ironman 70.3 Oceanside 2024,him,NA,2024-04-05,2024,1712361600
2338,Ironman 70.3 Ohio 2024,him,NA,2024-07-20,2024,1721520000
2339,Ironman 70.3 Oregon 2024,him,NA,2024-07-20,2024,1721520000
2340,Ironman 70.3 Happy Valley 2024,him,NA,2024-06-29,2024,1719705600
2341,Ironman 70.3 St. George 2024,him,NA,2024-05-03,2024,1714780800
2342,Ironman 70.3 Texas 2024,him,NA,2024-04-06,2024,1712448000
2343,Ironman 70.3 Waco 2024,him,NA,2024-10-05,2024,1728172800
2344,Ironman 70.3 Washington Tri-Cities 2024,him,NA,2024-09-21,2024,1726963200
2345,Ironman 70.3 Western Massachusetts 2024,him,NA,2024-06-08,2024,1717891200
2346,Ironman 70.3 Wisconsin 2024,him,NA,2024-09-06,2024,1725667200
2347,Ironman 70.3 Buenos Aires 2023,him,SA,2023-10-28,2023,1698537600
2348,Ironman 70.3 Cartagena 2023,him,SA,2023-12-02,2023,1701561600
2350,Ironman 70.3 Fortaleza 2023,him,SA,2023-11-18,2023,1700352000
2351,Ironman 70.3 Rio de Janeiro 2023,him,SA,2023-07-08,2023,1688860800
2352,Ironman 70.3 Cap Cana 2024,him,SA,2024-04-27,2024,1714262400
2353,Ironman 70.3 São Paulo 2023,him,SA,2023-09-23,2023,1695513600
2354,Ironman 70.3 Turkey 2023,him,Euro,2023-10-28,2023,1698537600
2355,Ironman 70.3 Vichy 2023,him,Euro,2023-08-18,2023,1692403200
2356,Ironman 70.3 Acapulco 2024,him,SA,2024-11-30,2024,1733011200
2357,Ironman 70.3 Buenos Aires 2024,him,SA,2024-11-02,2024,1730592000
2358,Ironman 70.3 Calgary 2024,him,NA,2024-07-27,2024,1722124800
2359,Ironman 70.3 Cartagena 2024,him,SA,2024-11-30,2024,1733011200
2360,Ironman 70.3 Cozumel 2024,him,NA,2024-09-21,2024,1726963200
2361,Ironman 70.3 Davao Philippines 2024,him,Asia,2024-08-10,2024,1723334400
2362,Ironman 70.3 Ecuador 2024,him,SA,2024-07-06,2024,1720310400
2363,Ironman 70.3 Elsinore 2024,him,Euro,2024-06-22,2024,1719100800
2364,Ironman 70.3 Florianopolis 2024,him,SA,2024-04-13,2024,1713052800
2365,Ironman 70.3 Fortaleza 2024,him,SA,2024-08-24,2024,1724544000
2366,Ironman 70.3 Goa 2024,him,Asia,2024-10-26,2024,1729987200
2367,Ironman 70.3 Langkawi 2024,him,Asia,2024-10-11,2024,1728691200
2368,Ironman 70.3 Lapu Lapu 2024,him,Asia,2024-04-20,2024,1713657600
2369,Ironman 70.3 Monterrey 2024,him,SA,2024-04-13,2024,1713052800
2370,Ironman 70.3 Mossel Bay 2024,him,Africa,2024-11-16,2024,1731801600
2371,Ironman 70.3 Oman 2024,him,Asia,2024-02-16,2024,1708128000
2372,Ironman 70.3 Panama 2024,him,SA,2024-02-24,2024,1708819200
2373,Ironman 70.3 Peru 2024,him,SA,2024-04-20,2024,1713657600
2374,Ironman 70.3 Phu Quoc 2024,him,Asia,2024-11-16,2024,1731801600
2375,Ironman 70.3 Porec 2024,him,Euro,2024-10-19,2024,1729382400
2376,Ironman 70.3 Poznan 2024,him,Euro,2024-08-31,2024,1725148800
2377,Ironman 70.3 Pucon 2024,him,SA,2024-01-06,2024,1704585600
2378,Ironman 70.3 Puerto Rico 2024,him,SA,2024-03-16,2024,1710633600
2379,Ironman 70.3 Punta del Este 2024,him,SA,2024-03-02,2024,1709424000
2380,Ironman 70.3 Rio de Janeiro 2024,him,SA,2024-06-22,2024,1719100800
2381,Ironman 70.3 Riviera Nayarit 2024,him,SA,2024-11-09,2024,1731196800
2382,Ironman 70.3 Rwanda 2024,him,Africa,2024-08-03,2024,1722729600
2383,Ironman 70.3 Salalah 2024,him,Asia,2024-10-25,2024,1729900800
2384,Ironman 70.3 San Juan 2024,him,SA,2024-04-06,2024,1712448000
2385,Ironman 70.3 Santa Cruz 2024,him,NA,2024-09-07,2024,1725753600
2386,Ironman 70.3 São Paulo 2024,him,SA,2024-09-21,2024,1726963200
2387,Ironman 70.3 Subic Bay 2024,him,Asia,2024-06-08,2024,1717891200
2388,Ironman 70.3 Tangier 2024,him,Africa,2024-10-26,2024,1729987200
2389,Ironman 70.3 Turkey 2024,him,Euro,2024-11-02,2024,1730592000
2390,Ironman 70.3 Valdivia 2024,him,SA,2024-11-16,2024,1731801600
2391,Ironman 70.3 Vietnam 2024,him,Asia,2024-05-11,2024,1715472000
2392,Ironman 70.3 Mallorca 2025,him,Euro,2025-05-09,2025,1746835200
2393,Ironman 70.3 Mallorca 2024,him,Euro,2024-05-10,2024,1715385600
2394,Ironman 70.3 Warsaw 2025,him,Euro,2025-06-07,2025,1749340800
2395,Ironman 70.3 Kenting 2024,him,Asia,2024-10-05,2024,1728172800
2396,Ironman 70.3 Melbourne 2024,him,Australia,2024-11-09,2024,1731196800
2397,Ironman 70.3 Aracaju-Sergipe 2024,him,SA,2024-11-23,2024,1732406400
2398,Ironman 70.3 La Quinta 2024,him,NA,2024-12-07,2024,1733616000
2399,Ironman 70.3 Florida 2024,him,NA,2024-12-14,2024,1734220800
2400,Ironman 70.3 Pucon 2025,him,SA,2025-01-11,2025,1736640000
2401,Ironman 70.3 Oman 2025,him,Asia,2025-02-07,2025,1738972800
2402,Ironman 70.3 New Zealand 2025,him,Australia,2025-02-28,2025,1740787200
2403,Ironman 70.3 Monterrey 2025,him,SA,2025-03-01,2025,1740873600
2404,Ironman 70.3 Puerto Princesa 2025,him,Asia,2025-03-01,2025,1740873600
2405,Ironman 70.3 Punta del Este 2025,him,SA,2025-03-08,2025,1741478400
2406,Ironman 70.3 Campeche 2025,him,SA,2025-03-15,2025,1742083200
2407,Ironman 70.3 Puerto Rico 2025,him,SA,2025-03-15,2025,1742083200
2408,Ironman 70.3 Geelong 2025,him,Australia,2025-03-22,2025,1742688000
2409,Ironman 70.3 Panama 2025,him,SA,2025-03-29,2025,1743292800
2410,Ironman 70.3 Oceanside 2025,him,NA,2025-04-04,2025,1743811200
2411,Ironman 70.3 San Juan 2025,him,SA,2025-04-05,2025,1743897600
2412,Ironman 70.3 Texas 2025,him,NA,2025-04-05,2025,1743897600
2413,Ironman 70.3 Brasilia 2025,him,SA,2025-04-12,2025,1744502400
2414,Ironman 70.3 Valencia 2025,him,Euro,2025-04-26,2025,1745712000
2415,Ironman 70.3 Peru 2025,him,SA,2025-04-26,2025,1745712000
2416,Ironman 70.3 Cap Cana 2025,him,SA,2025-05-03,2025,1746316800
2417,Ironman 70.3 Port Macquarie 2025,him,Australia,2025-05-03,2025,1746316800
2418,Ironman 70.3 Venice-Jesolo 2025,him,Euro,2025-05-03,2025,1746316800
2419,Ironman 70.3 Gulf Coast 2025,him,NA,2025-05-09,2025,1746835200
2420,Ironman 70.3 St. George 2025,him,NA,2025-05-09,2025,1746835200
2421,Ironman 70.3 Vietnam 2025,him,Asia,2025-05-10,2025,1746921600
2422,Ironman 70.3 Aix-en-Provence 2025,him,Euro,2025-05-17,2025,1747526400
2423,Ironman 70.3 Chattanooga 2025,him,NA,2025-05-17,2025,1747526400
2424,Ironman 70.3 Desaru Coast 2025,him,Asia,2025-05-24,2025,1748131200
2425,Ironman 70.3 Kraichgau 2025,him,Euro,2025-05-24,2025,1748131200
2426,Ironman 70.3 Shanghai Chongming 2025,him,Asia,2025-05-24,2025,1748131200
2427,Ironman 70.3 Victoria 2025,him,Australia,2025-05-24,2025,1748131200
2428,Ironman 70.3 Hawaii 2025,him,NA,2025-05-30,2025,1748649600
2429,Ironman 70.3 Durban 2025,him,Africa,2025-05-31,2025,1748736000
2430,Ironman 70.3 Switzerland 2025,him,Euro,2025-05-31,2025,1748736000
2431,Ironman 70.3 Tours Metropole - Loire Valley 2025,him,Euro,2025-05-31,2025,1748736000
2432,Ironman 70.3 Bolton 2025,him,Euro,2025-06-07,2025,1749340800
2433,Ironman 70.3 Des Moines 2025,him,NA,2025-06-07,2025,1749340800
2434,Ironman 70.3 Eagleman 2025,him,NA,2025-06-07,2025,1749340800
2435,Ironman 70.3 Western Massachusetts 2025,him,NA,2025-06-07,2025,1749340800
2436,Ironman 70.3 Boulder 2025,him,NA,2025-06-13,2025,1749859200
2437,Ironman 70.3 Cairns 2025,him,Australia,2025-06-14,2025,1749945600
2438,Ironman 70.3 Goseong 2025,him,Asia,2025-06-14,2025,1749945600
2439,Ironman 70.3 Happy Valley 2025,him,NA,2025-06-14,2025,1749945600
2440,Ironman 70.3 San Andres 2025,him,SA,2025-06-14,2025,1749945600
2441,Ironman 70.3 Subic Bay 2025,him,Asia,2025-06-14,2025,1749945600
2442,Ironman 70.3 Elsinore 2025,him,Euro,2025-06-21,2025,1750550400
2443,Ironman 70.3 Mont-Tremblant 2025,him,NA,2025-06-21,2025,1750550400
2444,Ironman 70.3 Rockford 2025,him,NA,2025-06-21,2025,1750550400
2445,Ironman 70.3 Westfriesland 2025,him,Euro,2025-06-21,2025,1750550400
2446,Ironman 70.3 Nice 2025,him,Euro,2025-06-28,2025,1751155200
2447,Ironman 70.3 Coeur d'Alene 2025,him,NA,2025-06-21,2025,1750550400
2452,Ironman Tallinn 2025,im,Euro,2025-08-22,2025,1755907200
2453,Ironman Switzerland 2025,im,Euro,2025-08-23,2025,1755993600
2454,Ironman Wisconsin 2025,im,NA,2025-09-06,2025,1757203200
2455,Ironman Japan 2025,im,Asia,2025-09-13,2025,1757808000
2456,Ironman Italy 2025,im,Euro,2025-09-19,2025,1758326400
2457,Ironman Maryland 2025,im,NA,2025-09-19,2025,1758326400
2458,Ironman Wales 2025,im,Euro,2025-09-20,2025,1758412800
2459,Ironman Chattanooga 2025,im,NA,2025-09-27,2025,1759017600
2460,Ironman Gurye 2025,im,Asia,2025-09-27,2025,1759017600
2461,Ironman Barcelona 2025,im,Euro,2025-10-04,2025,1759622400
2462,Ironman Malaysia 2025,im,Asia,2025-10-31,2025,1761955200
2463,Ironman Portugal - Cascais 2025,im,Euro,2025-10-17,2025,1760745600
2464,Ironman California 2025,im,NA,2025-10-18,2025,1760832000
2465,Ironman Florida 2025,im,NA,2025-10-31,2025,1761955200
2466,Ironman Arizona 2025,im,NA,2025-11-15,2025,1763251200
2467,Ironman Cozumel 2025,im,NA,2025-11-22,2025,1763856000
2468,Ironman Western Australia 2025,im,Australia,2025-12-06,2025,1765065600
2590,Ironman 70.3 Acapulco 2025,him,SA,2025-11-08,2025,1762646400
2591,Ironman 70.3 Agadir 2025,him,Africa,2025-10-25,2025,1761436800
2592,Ironman 70.3 Aracaju-Sergipe 2025,him,SA,2025-11-29,2025,1764460800
2593,Ironman 70.3 Augusta 2025,him,NA,2025-09-27,2025,1759017600
2594,Ironman 70.3 Boise 2025,him,NA,2025-07-25,2025,1753488000
2595,Ironman 70.3 Buenos Aires 2025,him,SA,2025-11-01,2025,1762041600
2596,Ironman 70.3 Calgary (Partial Bike) 2025,him,NA,2025-07-26,2025,1753574400
2597,Ironman 70.3 Cartagena 2025,him,SA,2025-11-29,2025,1764460800
2598,Ironman 70.3 Cozumel 2025,him,NA,2025-09-20,2025,1758412800
2599,Ironman 70.3 Lapu Lapu 2025,him,Asia,2025-08-09,2025,1754784000
2600,Ironman 70.3 Duisburg 2025,him,Euro,2025-09-06,2025,1757203200
2601,Ironman 70.3 Ecuador 2025,him,SA,2025-07-19,2025,1752969600
2602,Ironman 70.3 Italy Emilia-Romagna 2025,him,Euro,2025-09-20,2025,1758412800
2603,Ironman 70.3 Encarnacion 2025,him,SA,2025-09-27,2025,1759017600
2604,Ironman 70.3 Erkner 2025,him,Euro,2025-09-13,2025,1757808000
2605,Ironman 70.3 Florianopolis 2025,him,SA,2025-10-25,2025,1761436800
2606,Ironman 70.3 Florida 2025,him,NA,2025-12-13,2025,1765670400
2607,Ironman 70.3 Goa 2025,him,Asia,2025-11-08,2025,1762646400
2608,Ironman 70.3 Greece 2025,him,Euro,2025-10-25,2025,1761436800
2609,Ironman 70.3 Hradec Králové 2025,him,Euro,2025-08-16,2025,1755388800
2610,Ironman 70.3 Jönköping 2025,him,Euro,2025-07-05,2025,1751760000
2611,Ironman 70.3 Kenting 2025,him,Asia,2025-11-01,2025,1762041600
2612,Ironman 70.3 Knokke-Heist 2025,him,Euro,2025-09-06,2025,1757203200
2613,Ironman 70.3 Krakow 2025,him,Euro,2025-08-02,2025,1754179200
2614,Ironman 70.3 La Quinta 2025,him,NA,2025-12-06,2025,1765065600
2615,Ironman 70.3 Langkawi 2025,him,Asia,2025-10-31,2025,1761955200
2616,Ironman 70.3 Louisville 2025,him,NA,2025-08-16,2025,1755388800
2617,Ironman 70.3 Luxembourg-Region Moselle 2025,him,Euro,2025-07-12,2025,1752364800
2618,Ironman 70.3 Maine 2025,him,NA,2025-07-26,2025,1753574400
2619,Ironman 70.3 Melbourne 2025,him,Australia,2025-11-08,2025,1762646400
2620,Ironman 70.3 Michigan 2025,him,NA,2025-09-13,2025,1757808000
2621,Ironman 70.3 Mossel Bay 2025,him,Africa,2025-11-15,2025,1763251200
2622,Ironman 70.3 Muncie 2025,him,NA,2025-07-11,2025,1752278400
2623,Ironman 70.3 Muskoka 2025,him,NA,2025-07-05,2025,1751760000
2624,Ironman 70.3 Musselman 2025,him,NA,2025-07-12,2025,1752364800
2625,Ironman 70.3 New York 2025,him,NA,2025-09-19,2025,1758326400
2626,Ironman 70.3 North Carolina 2025,him,NA,2025-10-24,2025,1761350400
2627,Ironman 70.3 Ohio 2025,him,NA,2025-07-19,2025,1752969600
2628,Ironman 70.3 Oregon 2025,him,NA,2025-07-19,2025,1752969600
2629,Ironman 70.3 Phu Quoc 2025,him,Asia,2025-11-15,2025,1763251200
2630,Ironman 70.3 Porec 2025,him,Euro,2025-10-18,2025,1760832000
2631,Ironman 70.3 Portugal - Cascais 2025,him,Euro,2025-10-17,2025,1760745600
2632,Ironman 70.3 Poznan 2025,him,Euro,2025-09-06,2025,1757203200
2633,Ironman 70.3 Rio de Janeiro 2025,him,SA,2025-08-09,2025,1754784000
2634,Ironman 70.3 Riviera Nayarit 2025,him,SA,2025-12-06,2025,1765065600
2635,Ironman 70.3 Salalah 2025,him,Asia,2025-10-24,2025,1761350400
2636,Ironman 70.3 Santa Cruz 2025,him,NA,2025-09-06,2025,1757203200
2637,Ironman 70.3 São Paulo 2025,him,SA,2025-09-20,2025,1758412800
2638,Ironman 70.3 Sunshine Coast 2025,him,Australia,2025-09-13,2025,1757808000
2639,Ironman 70.3 Swansea 2025,him,Euro,2025-07-12,2025,1752364800
2640,Ironman 70.3 Tallinn 2025,him,Euro,2025-08-23,2025,1755993600
2641,Ironman 70.3 Turkey 2025,him,Euro,2025-11-01,2025,1762041600
2642,Ironman 70.3 Valdivia 2025,him,SA,2025-11-29,2025,1764460800
2643,Ironman 70.3 Vichy 2025,him,Euro,2025-08-23,2025,1755993600
2644,Ironman 70.3 Waco 2025,him,NA,2025-10-04,2025,1759622400
2645,Ironman 70.3 Washington Tri-Cities 2025,him,NA,2025-09-20,2025,1758412800
2646,Ironman 70.3 Western Australia 2025,him,Australia,2025-12-06,2025,1765065600
2647,Ironman 70.3 Western Sydney 2025,him,Australia,2025-09-20,2025,1758412800
2648,Ironman 70.3 Weymouth 2025,him,Euro,2025-09-13,2025,1757808000
2649,Ironman 70.3 Wisconsin 2025,him,NA,2025-09-05,2025,1757116800
2650,Ironman 70.3 Zell am See-Kaprun 2025,him,Euro,2025-08-30,2025,1756598400
2651,Ironman 70.3 Belgrade 2025,him,Euro,2025-09-20,2025,1758412800
2652,Ironman 70.3 World Championship 2023,him,Euro,2023-08-25,2023,1693008000
2653,Ironman 70.3 World Championship 2024,him,Australia,2024-12-13,2024,1734134400
2654,Ironman 70.3 World Championship 2024,him,Australia,2024-12-14,2024,1734220800
2655,Ironman 70.3 World Championship 2023,him,Euro,2023-08-26,2023,1693094400
2656,Ironman 70.3 World Championship 2022,him,NA,2022-10-28,2022,1667001600
2657,Ironman 70.3 World Championship 2019,him,Euro,2019-09-07,2019,1567900800
2658,Ironman 70.3 World Championship 2018,him,Africa,2018-09-01,2018,1535846400
2659,Ironman 70.3 World Championship 2017,him,NA,2017-09-08,2017,1504915200
2660,Ironman 70.3 New York 2023,him,NA,2023-09-22,2023,1695427200
2661,Ironman 70.3 World Championship 2025,him,Euro,2025-11-07,2025,1762560000
2662,Ironman 70.3 World Championship 2025,him,Euro,2025-11-08,2025,1762646400
2663,Ironman New Zealand 2026,im,Australia,2026-03-06,2026,1772841600
2682,Ironman 70.3 Pucon 2026,him,SA,2026-01-10,2026,1768089600
2683,Ironman 70.3 Muscat 2026,him,Africa,2026-02-13,2026,1771027200
2684,Ironman 70.3 San Salvador 2026,him,SA,2026-02-21,2026,1771718400
2685,Ironman 70.3 Colombo 2026,him,Asia,2026-02-21,2026,1771718400
2686,Ironman 70.3 New Zealand 2026,him,Australia,2026-03-06,2026,1772841600
2687,Ironman 70.3 Punta del Este 2026,him,SA,2026-03-07,2026,1772928000
2688,Ironman 70.3 Dallas 2026,him,NA,2026-03-14,2026,1773532800
2689,Ironman 70.3 Puerto Rico 2026,him,SA,2026-03-14,2026,1773532800
2690,Ironman 70.3 Geelong 2026,him,Australia,2026-03-21,2026,1774137600
2691,Ironman 70.3 Panama 2026,him,SA,2026-03-21,2026,1774137600
